Workbook

Sheet Release Plan
B1: Release Planning
C2: ID | D2: Story | E2: Estimation | F2: Priority | G2: MVP
C3: =Stories!A2 -> 7.2.1 | D3: =Stories!B2 -> As an End User I want to be able to ask my questions in plain text | E3: =Stories!C2 -> 8 | F3: =Stories!D2 -> 1 | G3: =Stories!E2 -> 1
B4: Release Goals: | C4: =Stories!A3 -> 7.2.2 | D4: =Stories!B3 -> As an End User I want to be able to use English language | E4: =Stories!C3 -> 1 | F4: =Stories!D3 -> 2 | G4: =Stories!E3 -> 1
A5: 1 | B5: First release after GUI is functional and can provide basic information | C5: =Stories!A4 -> 7.1.1 | D5: =Stories!B4 -> As an End User I want to be able to access the chat bot from an easy-to-use GUI | E5: =Stories!C4 -> 8 | F5: =Stories!D4 -> 3 | G5: =Stories!E4 -> 1
A6: 2 | B6: Final release when all the remaing stories are done | C6: =Stories!A5 -> 7.1.2 | D6: =Stories!B5 -> As an End User I want to be able to access the system without an account | E6: =Stories!C5 -> 4 | F6: =Stories!D5 -> 4 | G6: =Stories!E5 -> 1
C7: =Stories!A6 -> 7.1.3 | D7: =Stories!B6 -> As an End User I want to be provided with an easy to understand message when an error occurs | E7: =Stories!C6 -> 2 | F7: =Stories!D6 -> 5 | G7: =Stories!E6 -> 1
C8: =Stories!A7 -> 7.4.12 | D8: =Stories!B7 -> As a system Administrator I want the system to provide a nice error to the user when they ask questions outside of the relevant topics | E8: =Stories!C7 -> 4 | F8: =Stories!D7 -> 6 | G8: =Stories!E7 -> 1
C9: =Stories!A8 -> 7.3.1 | D9: =Stories!B8 -> As an End User I want the system to generate contextually appropriate responses based on my query | E9: =Stories!C8 -> 8 | F9: =Stories!D8 -> 7 | G9: =Stories!E8 -> 1
B10: First Release (MVP 1) October 17th | C10: =Stories!A9 -> 7.2.3 | D10: =Stories!B9 -> As a system maintainer I want the system to accurately extract intents with at least 80% accuracy | E10: =Stories!C9 -> 8 | F10: =Stories!D9 -> 8 | G10: =Stories!E9 -> 1
A11: 1 | B11: Stories: As marked in MVP column = 1 | C11: =Stories!A10 -> 7.3.2 | D11: =Stories!B10 -> As an End User I want the system to provide grammatically correct responses | E11: =Stories!C10 -> 8 | F11: =Stories!D10 -> 9 | G11: =Stories!E10 -> 1
A12: 2 | B12: =_xlfn.CONCAT("Estimation / Velocity = ", Stories!J3, " points per sprint (Excluding Sprint 1)") -> Estimation / Velocity = 35 points per sprint (Excluding Sprint 1) | C12: =Stories!A11 -> 7.3.3 | D12: =Stories!B11 -> As an End User I want the system to support a conversation with me for at least 3 turns while maintaining context | E12: =Stories!C11 -> 4 | F12: =Stories!D11 -> 10 | G12: =Stories!E11 -> 1
C13: =Stories!A12 -> 7.6.2 | D13: =Stories!B12 -> As a system administrator I want the initial release of ChatCat to be able to support queries from a single user at a time | E13: =Stories!C12 -> 4 | F13: =Stories!D12 -> 11 | G13: =Stories!E12 -> 1
C14: =Stories!A13 -> 7.4.11 | D14: =Stories!B13 -> As an End User I want the system to ask me a follow up question if my initial question was not specific enough as well as the ability to cancel a request | E14: =Stories!C13 -> 8 | F14: =Stories!D13 -> 12 | G14: =Stories!E13 -> 1
B15: Second Release (MVP 2) November 28th | C15: =Stories!A14 -> 7.4.1 | D15: =Stories!B14 -> As an End User I want the system to be able to provide basic information about the BS Software Engineering program at the UofA | E15: =Stories!C14 -> 2 | F15: =Stories!D14 -> 13 | G15: =Stories!E14 -> 1
A16: 1 | B16: Stories: As marked in MVP column = 2 | C16: =Stories!A15 -> 7.4.2 | D16: =Stories!B15 -> As an End User I want the system to be able to provide basic information about the MS Software Engineering program at the UofA | E16: =Stories!C15 -> 2 | F16: =Stories!D15 -> 14 | G16: =Stories!E15 -> 2
A17: 2 | B17: =_xlfn.CONCAT("Estimation / Velocity = ", Stories!J4, " points per sprint") -> Estimation / Velocity = 16 points per sprint | C17: =Stories!A16 -> 7.4.3 | D17: =Stories!B16 -> As an End User I want the system to be able to provide basic information about the PhD Software Engineering program at the UofA | E17: =Stories!C16 -> 2 | F17: =Stories!D16 -> 15 | G17: =Stories!E16 -> 2
C18: =Stories!A17 -> 7.6.3 | D18: =Stories!B17 -> As a system maintainer I want the system to provide responses to a user's query or request with at least 80% accuracy | E18: =Stories!C17 -> 8 | F18: =Stories!D17 -> 16 | G18: =Stories!E17 -> 2
C19: =Stories!A18 -> 7.4.4 | D19: =Stories!B18 -> As an End User I want the system to provide me with contact and scheduling information for the BS SFWE academic advisors | E19: =Stories!C18 -> 2 | F19: =Stories!D18 -> 17 | G19: =Stories!E18 -> 2
B20: Releases after: | C20: =Stories!A19 -> 7.4.5 | D20: =Stories!B19 -> As an End User I want the system to provide me with contact and scheduling information for the MS and PhD SFWE academic advisors | E20: =Stories!C19 -> 2 | F20: =Stories!D19 -> 18 | G20: =Stories!E19 -> 2
B21: Sprint 3, 6 | C21: =Stories!A20 -> 7.4.6 | D21: =Stories!B20 -> As an End User I want the system to provide information to assist with the degree application and admission process when asked | E21: =Stories!C20 -> 4 | F21: =Stories!D20 -> 19 | G21: =Stories!E20 -> 2
C22: =Stories!A21 -> 7.1.4 | D22: =Stories!B21 -> As a system maintainer I want to be able to swap components easily without impacting the system | E22: =Stories!C21 -> 1 | F22: =Stories!D21 -> 20 | G22: =Stories!E21 -> 2
C23: =Stories!A22 -> 7.4.7 | D23: =Stories!B22 -> As an End User I want the system to tell me about career opportunities in the fields of Software Engineering when asked | E23: =Stories!C22 -> 4 | F23: =Stories!D22 -> 21 | G23: =Stories!E22 -> 2
C24: =Stories!A23 -> 7.4.8 | D24: =Stories!B23 -> As an End User I want the system to provide information about research opportunities when available and asked | E24: =Stories!C23 -> 4 | F24: =Stories!D23 -> 22 | G24: =Stories!E23 -> 2
C25: =Stories!A24 -> 7.4.9 | D25: =Stories!B24 -> As an End User I want the system to provide direct links to official resources rather than referencing their name | E25: =Stories!C24 -> 2 | F25: =Stories!D24 -> 23 | G25: =Stories!E24 -> 2
C26: =Stories!A25 -> 7.4.10 | D26: =Stories!B25 -> As an End User I want the system to remember my session if I temporarily lose connection to the system | E26: =Stories!C25 -> 8 | F26: =Stories!D25 -> 24 | G26: =Stories!E25 -> 2
C27: =Stories!A26 -> 7.5.1 | D27: =Stories!B26 -> As a system administrator I do not what the system to store any personally identifiable information beyond the active session with the user | E27: =Stories!C26 -> 1 | F27: =Stories!D26 -> 25 | G27: =Stories!E26 -> 2
C28: =Stories!A27 -> 7.6.1 | D28: =Stories!B27 -> As a system administrator I want the system to generate responses within 5 seconds of a user query/request | E28: =Stories!C27 -> 8 | F28: =Stories!D27 -> 26 | G28: =Stories!E27 -> 2
C30: Total | E30: =SUM(E3:E28) -> 117

Sheet Stories
A1: ID | B1: Story | C1: Estimation | D1: Priority | E1: MVP | G1: Calculations
A2: 7.2.1 | B2: As an End User I want to be able to ask my questions in plain text | C2: 8 | D2: 1 | E2: 1 | H2: Points | I2: #Sprints | J2: Velocity
A3: 7.2.2 | B3: As an End User I want to be able to use English language | C3: 1 | D3: 2 | E3: 1 | G3: MVP1 | H3: =SUMIF(E2:E50, "=1", C2:C50) -> 69 | I3: 2 | J3: =ROUND(H3/I3, 0) -> 35
A4: 7.1.1 | B4: As an End User I want to be able to access the chat bot from an easy-to-use GUI | C4: 8 | D4: 3 | E4: 1 | G4: MVP2 | H4: =SUMIF(E2:E50, "=2", C2:C50) -> 48 | I4: 3 | J4: =ROUNDUP(H4/I4, 0) -> 16
A5: 7.1.2 | B5: As an End User I want to be able to access the system without an account | C5: 4 | D5: 4 | E5: 1
A6: 7.1.3 | B6: As an End User I want to be provided with an easy to understand message when an error occurs | C6: 2 | D6: 5 | E6: 1
A7: 7.4.12 | B7: As a system Administrator I want the system to provide a nice error to the user when they ask questions outside of the relevant topics | C7: 4 | D7: 6 | E7: 1
A8: 7.3.1 | B8: As an End User I want the system to generate contextually appropriate responses based on my query | C8: 8 | D8: 7 | E8: 1
A9: 7.2.3 | B9: As a system maintainer I want the system to accurately extract intents with at least 80% accuracy | C9: 8 | D9: 8 | E9: 1
A10: 7.3.2 | B10: As an End User I want the system to provide grammatically correct responses | C10: 8 | D10: 9 | E10: 1
A11: 7.3.3 | B11: As an End User I want the system to support a conversation with me for at least 3 turns while maintaining context | C11: 4 | D11: 10 | E11: 1
A12: 7.6.2 | B12: As a system administrator I want the initial release of ChatCat to be able to support queries from a single user at a time | C12: 4 | D12: 11 | E12: 1
A13: 7.4.11 | B13: As an End User I want the system to ask me a follow up question if my initial question was not specific enough as well as the ability to cancel a request | C13: 8 | D13: 12 | E13: 1
A14: 7.4.1 | B14: As an End User I want the system to be able to provide basic information about the BS Software Engineering program at the UofA | C14: 2 | D14: 13 | E14: 1
A15: 7.4.2 | B15: As an End User I want the system to be able to provide basic information about the MS Software Engineering program at the UofA | C15: 2 | D15: 14 | E15: 2
A16: 7.4.3 | B16: As an End User I want the system to be able to provide basic information about the PhD Software Engineering program at the UofA | C16: 2 | D16: 15 | E16: 2
... A27: 7.6.1 | B27: As a system administrator I want the system to generate responses within 5 seconds of a user query/request | C27: 8 | D27: 26 | E27: 2
